{"attributes":{"status":"undamaged","OBJECTID":2,"GlobalID":"{0A250E48-3029-435C-91FA-11DC5B99727E}","ESRI3DO_TYPE":"3D_shapebuffer","ESRI3DO_SHASH":"61f0aac4f3ced3eed2a1a9f33c9abfbf981669883f4351deafd432d966c8fdaa","ESRI3DO_OX":32.550673085500051,"ESRI3DO_OY":15.552279057362332,"ESRI3DO_OZ":0,"ESRI3DO_TX":0,"ESRI3DO_TY":0,"ESRI3DO_TZ":0,"ESRI3DO_SX":1,"ESRI3DO_SY":1,"ESRI3DO_SZ":1,"ESRI3DO_RX":0,"ESRI3DO_RY":1,"ESRI3DO_RZ":0,"ESRI3DO_RDEG":0}}