{"attributes":{"status":"damaged","OBJECTID":1,"GlobalID":"{236401FB-F391-4F3B-9CA4-020077639FFD}","ESRI3DO_TYPE":"3D_shapebuffer","ESRI3DO_SHASH":"59824c1f7938e66d7a51aecf341b16d40b1a502a7f6664b971bb608ac4f4ec45","ESRI3DO_OX":32.553506034000037,"ESRI3DO_OY":15.556420530146909,"ESRI3DO_OZ":0,"ESRI3DO_TX":0,"ESRI3DO_TY":0,"ESRI3DO_TZ":0,"ESRI3DO_SX":1,"ESRI3DO_SY":1,"ESRI3DO_SZ":1,"ESRI3DO_RX":0,"ESRI3DO_RY":1,"ESRI3DO_RZ":0,"ESRI3DO_RDEG":0}}